{
  "protocol_version": 1,
  "created_utc": "2026-07-14T02:16:12.968128+00:00",
  "timeframe_min": 3,
  "dataset": "data/NQ_3min.csv",
  "dataset_sha256": "e1d949ef902a6ac37f12e889199dbf475b0325de7b316cbaa64c806a0264ee1f",
  "train_cut_bar": 543343,
  "train_entries": 13617,
  "validation_entries": 1463,
  "embargo_bars": 80,
  "historical_probability_filter": "none",
  "quick": false,
  "seed": 0,
  "requested_timesteps": 600000,
  "actual_timesteps": 600064,
  "training_device": "cuda",
  "software": {
    "python": "3.13.13",
    "stable_baselines3": "2.9.0",
    "numpy": "2.5.1",
    "pandas": "3.0.3",
    "pytorch": "2.13.0+cu130",
    "gymnasium": "1.3.0"
  },
  "config": {
    "ACTIVATE_R": 2.0,
    "GIVEBACK_R": 0.75,
    "STOP_ATR": 0.5
  },
  "validation": {
    "fixed_2r": {
      "meanR": -0.09774436090225563,
      "wr": 0.3007518796992481,
      "pf": 0.8602150537634409,
      "n": 1463
    },
    "constant_trails": {
      "0.75": {
        "meanR": -0.08796025893254909,
        "wr": 0.2891319207108681,
        "pf": 0.8746723240365937,
        "n": 1463
      },
      "1.0": {
        "meanR": -0.08796025893254909,
        "wr": 0.2891319207108681,
        "pf": 0.8746723240365937,
        "n": 1463
      },
      "1.5": {
        "meanR": -0.08796025893254909,
        "wr": 0.2891319207108681,
        "pf": 0.8746723240365937,
        "n": 1463
      },
      "2.0": {
        "meanR": -0.08796025893254909,
        "wr": 0.2891319207108681,
        "pf": 0.8746723240365937,
        "n": 1463
      },
      "2.5": {
        "meanR": -0.08796025893254909,
        "wr": 0.2891319207108681,
        "pf": 0.8746723240365937,
        "n": 1463
      },
      "3.5": {
        "meanR": -0.08796025893254909,
        "wr": 0.2891319207108681,
        "pf": 0.8746723240365937,
        "n": 1463
      }
    },
    "ppo_policy": {
      "meanR": -0.08796025893254909,
      "wr": 0.2891319207108681,
      "pf": 0.8746723240365937,
      "n": 1463
    }
  },
  "certified": false,
  "policy_sha256": "9503beed40c7619c6c64ad6715060c81958c9bc4d90ee3c6061decbfd4c79f9a"
}
